<?xml version = "1.0" encoding = "utf-8"?>
<!DOCTYPE hibernate-mapping PUBLIC 
"-//Hibernate/Hibernate Mapping DTD//EN"
"http://www.hibernate.org/dtd/hibernate-mapping-3.0.dtd">  
  
 <hibernate-mapping>  
  <class name="com.badan.pojo.Employee" table="table1">  
    <id name="empid">  
     <generator class="increment"></generator>  
    </id>  
            
    <property name="empname"></property>  
    <property name="empsal"></property>  
            
  </class>  
            
 </hibernate-mapping>